<?xml version="1.0" encoding="UTF-8"?>
<!--炫彩界面库-窗口布局文件-->
<head>
	<bindJsFile value="" />
</head>
<windowUI bkInfoM="{99:1.9.9;98:1(0);5:2(15)20(1)21(3)26(1)22(-1)23(255)10(1)7(1)11(3)16(1)12(-7839744)13(255)9(9,9,9,9);}" center="true" content="Mysterious nuclear weapon" dragBorder="false" dragWindow="true" enableLayout="true" maxWindow="false" overlayBorder="true" rect="20,20,700,400" showT="true" transparentAlpha="255" transparentFlag="shaped" windowStyle="0" windowType="modalWindow">
	<layoutEleUI layout.height=":1" layout.horizon="true" layout.spaceRow="10" layout.width="300" padding="50,45,30,30" rect="262,110,100,100" showT="true" expandT="true">
		<shapePicture image="@logo.png" layout.margin="5" rect="55,80,50,50" showT="true" expandT="true" />
		<shapeText content="X C G U I" font="@ID_FONT_1" layout.height="50" layout.margin="8" layout.width=":1" rect="175,93,100,20" showT="true" textAlign="DT_LEFT,DT_VCENTER,DT_SINGLELINE" textColor="@ID_COLOR_7" expandT="true" />
		<shapeText content="用户名" font="@ID_FONT_3" layout.height="20" layout.margin="0,40,0,0" layout.width="auto" layout.wrap="true" rect="36,38,52,20" showT="true" textColor="@ID_COLOR_2" expandT="true" />
		<editUI bkInfoM="{99:1.9.9;98:4(0)8(1)16(1);5:2(15)20(1)21(3)26(1)22(-1)23(255)10(1)7(1)11(3)16(1)12(-8355712)13(255)40(1)9(5,5,5,5);5:2(15)20(1)21(3)26(1)22(-1)23(255)10(1)7(1)11(3)16(0)12(-4144960)13(255)40(1)9(5,5,5,5);}" contentTips="ASDASD" contentTipsColor="@ID_COLOR_4" enableFocus="true" font="@ID_FONT_8" id="@ID_1" layout.height="30" layout.width="fill" multiLine="false" padding="6" rect="78,161,100,20" scrollBarAuto="false" scrollBarShowH="false" scrollBarShowV="false" showT="true" transparent="true" expandT="true" />
		<shapeText content="密码" font="@ID_FONT_3" layout.height="20" layout.width="auto" rect="56,58,35,20" showT="true" textColor="@ID_COLOR_2" expandT="true" />
		<editUI bkInfoM="{99:1.9.9;98:4(0)8(1)16(2);5:2(15)20(1)21(3)26(1)22(-1)23(255)10(1)7(1)11(3)16(0)12(-8355712)13(255)40(1)9(5,5,5,5);5:2(15)20(1)21(3)26(1)22(-1)23(255)10(1)7(1)11(3)16(0)12(-4144960)13(255)40(1)9(5,5,5,5);5:2(15)20(1)21(3)26(1)22(-1)23(255)10(1)7(1)11(3)16(0)12(-4144960)13(255)40(1)9(5,5,5,5);}" contentTips="23425safsdf" contentTipsColor="@ID_COLOR_4" enableFocus="true" font="@ID_FONT_8" id="@ID_2" layout.height="30" layout.width="fill" multiLine="false" padding="6" rect="98,181,100,20" scrollBarAuto="false" scrollBarShowH="false" scrollBarShowV="false" showT="true" transparent="true" expandT="true" />
		<buttonUI bkInfoM="{sizeT:80,24;99:1.9.9;98:272(0)288(1)320(2)128(3);3:2(37)3(0,20,60,0)4(@Unselected1.png)40(1);3:2(37)3(0,20,60,4)4(@Unselected2.png)40(1);3:2(37)3(0,20,60,4)4(@Unselected2.png)40(1);3:2(37)3(0,20,60,4)4(@Selected.png)40(1);8:1(288)5(-20124);8:1(128)5(-7434610);}" buttonType="check" content="记住密码" cursor="IDC_HAND" font="@ID_FONT_8" iconAlign="left" id="@ID_3" layout.height="24" layout.width="80" rect="110,184,57,24" showT="true" style="check" textAlign="DT_RIGHT,DT_VCENTER,DT_SINGLELINE" transparent="true" expandT="true" />
		<buttonUI bkInfoM="{99:1.9.9;98:16(0)32(1)64(2);5:2(15)20(1)21(3)26(1)22(-21157)23(255)40(1)9(5,5,5,5);5:2(15)20(1)21(3)26(1)22(-15996)23(255)40(1)9(5,5,5,5);5:2(15)20(1)21(3)26(1)22(-21157)23(255)40(1)9(5,5,5,5);}" content="登 录" cursor="IDC_HAND" font="@ID_FONT_4" id="@ID_4" layout.height="32" layout.width="fill" rect="83,220,60,25" showT="true" textColor="@ID_COLOR_5" transparent="true" uid="1" expandT="true" />
	</layoutEleUI>
	<layoutEleUI layout.height="fill" layout.horizon="true" layout.width=":1" rect="617,136,100,100" showT="true" expandT="true">
		<buttonUI bkInfoM="{sizeT:16,16;99:1.9.9;98:16(0)32(2)64(1);3:2(15)4(@close1.png)40(1);3:2(15)4(@close1.png)40(1);3:2(15)4(@close2.png)40(1);}" buttonType="close" cursor="IDC_HAND" id="ID_5" layout.float="true" layout.height="16" layout.margin="0,10,10,0" layout.width="16" rect="412,16,60,25" showT="true" transparent="true" expandT="true" />
		<shapePicture image="@BJ.png" layout.height="320" layout.margin="20,20" layout.width="370" rect="149,115,100,100" showT="true" expandT="true" />
	</layoutEleUI>
</windowUI>
